{"cameraMode":{"drawMode":0,"name":"Shaded","section":"Shading Mode"},"sceneLighting":false,"audioPlay":false,"sceneViewState":{"showFog":true,"showMaterialUpdate":true,"showSkybox":true,"showFlares":true,"showImageEffects":true,"showParticleSystems":true},"in2DMode":false,"pivot":{"x":217.04080200195313,"y":13.116964340209961,"z":411.03125},"rotation":{"x":-0.0663963183760643,"y":0.9330608248710632,"z":-0.20579616725444795,"w":-0.289707750082016},"size":0.8842535614967346,"orthographic":false}