{"cameraMode":{"drawMode":0,"name":"Shaded","section":"Shading Mode"},"sceneLighting":false,"audioPlay":false,"sceneViewState":{"showFog":true,"showMaterialUpdate":true,"showSkybox":true,"showFlares":true,"showImageEffects":true,"showParticleSystems":true},"in2DMode":false,"pivot":{"x":227.06846618652345,"y":9.044327735900879,"z":457.2579345703125},"rotation":{"x":-0.15476886928081513,"y":0.5586800575256348,"z":-0.10704559832811356,"w":-0.8077545166015625},"size":2.1192760467529299,"orthographic":false}