{"cameraMode":{"drawMode":0,"name":"Shaded","section":"Shading Mode"},"sceneLighting":true,"audioPlay":false,"sceneViewState":{"showFog":true,"showMaterialUpdate":true,"showSkybox":false,"showFlares":true,"showImageEffects":true,"showParticleSystems":true},"in2DMode":false,"pivot":{"x":28.229957580566408,"y":-5.99168586730957,"z":81.15924835205078},"rotation":{"x":0.05163665860891342,"y":0.14450785517692567,"z":-0.007563526276499033,"w":0.9881619215011597},"size":46.096885681152347,"orthographic":false}