{"cameraMode":{"drawMode":0,"name":"Shaded","section":"Shading Mode"},"sceneLighting":true,"audioPlay":false,"sceneViewState":{"showFog":true,"showMaterialUpdate":true,"showSkybox":true,"showFlares":true,"showImageEffects":true,"showParticleSystems":true},"in2DMode":false,"pivot":{"x":205.29220581054688,"y":11.886898040771485,"z":472.18756103515627},"rotation":{"x":0.003922300413250923,"y":0.9951460957527161,"z":-0.0859665796160698,"w":0.05766212195158005},"size":30.7625732421875,"orthographic":false}