{"cameraMode":{"drawMode":0,"name":"Shaded","section":"Shading Mode"},"sceneLighting":false,"audioPlay":false,"sceneViewState":{"showFog":true,"showMaterialUpdate":true,"showSkybox":true,"showFlares":true,"showImageEffects":true,"showParticleSystems":true},"in2DMode":false,"pivot":{"x":202.326171875,"y":16.088655471801759,"z":507.2328796386719},"rotation":{"x":0.0574609749019146,"y":0.915015459060669,"z":-0.14639361202716828,"w":0.3732071816921234},"size":7.274388790130615,"orthographic":false}