{"cameraMode":{"drawMode":0,"name":"Shaded","section":"Shading Mode"},"sceneLighting":false,"audioPlay":false,"sceneViewState":{"showFog":true,"showMaterialUpdate":true,"showSkybox":true,"showFlares":true,"showImageEffects":true,"showParticleSystems":true},"in2DMode":false,"pivot":{"x":12.219970703125,"y":-85.14002227783203,"z":45.989959716796878},"rotation":{"x":0.02742624655365944,"y":-0.9637801647186279,"z":0.10552863776683808,"w":0.24492454528808595},"size":235.064453125,"orthographic":false}