{"cameraMode":{"drawMode":0,"name":"Shaded","section":"Shading Mode"},"sceneLighting":false,"audioPlay":false,"sceneViewState":{"showFog":true,"showMaterialUpdate":false,"showSkybox":false,"showFlares":true,"showImageEffects":true,"showParticleSystems":true},"in2DMode":false,"pivot":{"x":0.8466195464134216,"y":3.449005126953125,"z":0.5984313488006592},"rotation":{"x":-0.0530785396695137,"y":-0.7981333136558533,"z":0.07106035947799683,"w":-0.5959706902503967},"size":0.7080084681510925,"orthographic":false}