{"cameraMode":{"drawMode":0,"name":"Shaded","section":"Shading Mode"},"sceneLighting":true,"audioPlay":false,"sceneViewState":{"showFog":true,"showMaterialUpdate":true,"showSkybox":true,"showFlares":true,"showImageEffects":true,"showParticleSystems":true},"in2DMode":false,"pivot":{"x":762.3367919921875,"y":386.13568115234377,"z":9.13568115234375},"rotation":{"x":-0.010202297940850258,"y":-0.014079875312745572,"z":0.0009469959768466651,"w":-1.0002944469451905},"size":407.7181396484375,"orthographic":false}