{"cameraMode":{"drawMode":0,"name":"Shaded","section":"Shading Mode"},"sceneLighting":false,"audioPlay":false,"sceneViewState":{"showFog":true,"showMaterialUpdate":true,"showSkybox":true,"showFlares":true,"showImageEffects":true,"showParticleSystems":true},"in2DMode":false,"pivot":{"x":231.9475555419922,"y":17.274002075195314,"z":452.6036376953125},"rotation":{"x":0.17061887681484223,"y":-0.7616966962814331,"z":0.21679362654685975,"w":0.5873759388923645},"size":0.8842535614967346,"orthographic":false}