{"cameraMode":{"drawMode":0,"name":"Shaded","section":"Shading Mode"},"sceneLighting":false,"audioPlay":false,"sceneViewState":{"showFog":true,"showMaterialUpdate":true,"showSkybox":true,"showFlares":true,"showImageEffects":true,"showParticleSystems":true},"in2DMode":false,"pivot":{"x":226.48788452148438,"y":11.946661949157715,"z":429.25823974609377},"rotation":{"x":0.013960855081677437,"y":0.7378404140472412,"z":0.015268425457179547,"w":-0.6746606826782227},"size":2.1192760467529299,"orthographic":false}