{"cameraMode":{"drawMode":0,"name":"Shaded","section":"Shading Mode"},"sceneLighting":true,"audioPlay":false,"sceneViewState":{"showFog":true,"showMaterialUpdate":true,"showSkybox":true,"showFlares":true,"showImageEffects":true,"showParticleSystems":true},"in2DMode":false,"pivot":{"x":231.5916748046875,"y":-5.842525482177734,"z":499.73712158203127},"rotation":{"x":0.18896378576755525,"y":0.13796252012252809,"z":-0.027442291378974916,"w":0.9724640846252441},"size":30.7625732421875,"orthographic":false}