{"cameraMode":{"drawMode":0,"name":"Shaded","section":"Shading Mode"},"sceneLighting":true,"audioPlay":false,"sceneViewState":{"showFog":true,"showMaterialUpdate":true,"showSkybox":true,"showFlares":true,"showImageEffects":true,"showParticleSystems":true},"in2DMode":false,"pivot":{"x":625.819580078125,"y":-102.40898895263672,"z":642.5503540039063},"rotation":{"x":-0.10106934607028961,"y":-0.5728916525840759,"z":0.07173579931259155,"w":-0.8106924891471863},"size":235.064453125,"orthographic":false}