{"cameraMode":{"drawMode":0,"name":"Shaded","section":"Shading Mode"},"sceneLighting":true,"audioPlay":false,"sceneViewState":{"showFog":true,"showMaterialUpdate":true,"showSkybox":true,"showFlares":true,"showImageEffects":true,"showParticleSystems":true},"in2DMode":false,"pivot":{"x":198.6794891357422,"y":7.475728511810303,"z":496.2220153808594},"rotation":{"x":0.06063691899180412,"y":0.9269283413887024,"z":-0.17293263971805573,"w":0.32883965969085696},"size":3.5053553581237795,"orthographic":false}